"PERIOD","REPORTER","PARTNER","PRODUCT","FLOW","TRANSPORT_MODE","INDICATORS","Value"
"Jan. 2020","Belgium (incl. Luxembourg 'LU' -> 1998)","Russian Federation (Russia)","Total","IMPORT","Sea","VALUE_IN_EUROS","744 928 637"
"Feb. 2020","Belgium (incl. Luxembourg 'LU' -> 1998)","Russian Federation (Russia)","Total","IMPORT","Sea","VALUE_IN_EUROS","442 229 811"
"Mar. 2020","Belgium (incl. Luxembourg 'LU' -> 1998)","Russian Federation (Russia)","Total","IMPORT","Sea","VALUE_IN_EUROS","527 816 667"
"Apr. 2020","Belgium (incl. Luxembourg 'LU' -> 1998)","Russian Federation (Russia)","Total","IMPORT","Sea","VALUE_IN_EUROS","363 320 347"
"May. 2020","Belgium (incl. Luxembourg 'LU' -> 1998)","Russian Federation (Russia)","Total","IMPORT","Sea","VALUE_IN_EUROS","251 107 799"
"Jun. 2020","Belgium (incl. Luxembourg 'LU' -> 1998)","Russian Federation (Russia)","Total","IMPORT","Sea","VALUE_IN_EUROS","273 886 112"
"Jul. 2020","Belgium (incl. Luxembourg 'LU' -> 1998)","Russian Federation (Russia)","Total","IMPORT","Sea","VALUE_IN_EUROS","235 569 229"
"Aug. 2020","Belgium (incl. Luxembourg 'LU' -> 1998)","Russian Federation (Russia)","Total","IMPORT","Sea","VALUE_IN_EUROS","206 382 458"
"Sep. 2020","Belgium (incl. Luxembourg 'LU' -> 1998)","Russian Federation (Russia)","Total","IMPORT","Sea","VALUE_IN_EUROS","277 166 932"
"Oct. 2020","Belgium (incl. Luxembourg 'LU' -> 1998)","Russian Federation (Russia)","Total","IMPORT","Sea","VALUE_IN_EUROS","322 329 568"
"Nov. 2020","Belgium (incl. Luxembourg 'LU' -> 1998)","Russian Federation (Russia)","Total","IMPORT","Sea","VALUE_IN_EUROS","317 258 358"
"Dec. 2020","Belgium (incl. Luxembourg 'LU' -> 1998)","Russian Federation (Russia)","Total","IMPORT","Sea","VALUE_IN_EUROS","287 381 994"
"Jan.-Dec. 2020","Belgium (incl. Luxembourg 'LU' -> 1998)","Russian Federation (Russia)","Total","IMPORT","Sea","VALUE_IN_EUROS","4 249 377 912"
"Jan. 2021","Belgium (incl. Luxembourg 'LU' -> 1998)","Russian Federation (Russia)","Total","IMPORT","Sea","VALUE_IN_EUROS","332 669 142"
"Feb. 2021","Belgium (incl. Luxembourg 'LU' -> 1998)","Russian Federation (Russia)","Total","IMPORT","Sea","VALUE_IN_EUROS","280 464 289"
"Mar. 2021","Belgium (incl. Luxembourg 'LU' -> 1998)","Russian Federation (Russia)","Total","IMPORT","Sea","VALUE_IN_EUROS","428 306 392"
"Apr. 2021","Belgium (incl. Luxembourg 'LU' -> 1998)","Russian Federation (Russia)","Total","IMPORT","Sea","VALUE_IN_EUROS","356 250 978"
"May. 2021","Belgium (incl. Luxembourg 'LU' -> 1998)","Russian Federation (Russia)","Total","IMPORT","Sea","VALUE_IN_EUROS","480 041 554"
"Jun. 2021","Belgium (incl. Luxembourg 'LU' -> 1998)","Russian Federation (Russia)","Total","IMPORT","Sea","VALUE_IN_EUROS","577 667 204"
"Jul. 2021","Belgium (incl. Luxembourg 'LU' -> 1998)","Russian Federation (Russia)","Total","IMPORT","Sea","VALUE_IN_EUROS","427 843 869"
"Jan. 2020","Bulgaria","Russian Federation (Russia)","Total","IMPORT","Sea","VALUE_IN_EUROS","201 280 782"
"Feb. 2020","Bulgaria","Russian Federation (Russia)","Total","IMPORT","Sea","VALUE_IN_EUROS","196 871 210"
"Mar. 2020","Bulgaria","Russian Federation (Russia)","Total","IMPORT","Sea","VALUE_IN_EUROS","143 062 734"
"Apr. 2020","Bulgaria","Russian Federation (Russia)","Total","IMPORT","Sea","VALUE_IN_EUROS","71 005 864"
"May. 2020","Bulgaria","Russian Federation (Russia)","Total","IMPORT","Sea","VALUE_IN_EUROS","97 087 732"
"Jun. 2020","Bulgaria","Russian Federation (Russia)","Total","IMPORT","Sea","VALUE_IN_EUROS","149 519 295"
"Jul. 2020","Bulgaria","Russian Federation (Russia)","Total","IMPORT","Sea","VALUE_IN_EUROS","105 681 182"
"Aug. 2020","Bulgaria","Russian Federation (Russia)","Total","IMPORT","Sea","VALUE_IN_EUROS","56 340 682"
"Sep. 2020","Bulgaria","Russian Federation (Russia)","Total","IMPORT","Sea","VALUE_IN_EUROS","84 124 222"
"Oct. 2020","Bulgaria","Russian Federation (Russia)","Total","IMPORT","Sea","VALUE_IN_EUROS","128 940 270"
"Nov. 2020","Bulgaria","Russian Federation (Russia)","Total","IMPORT","Sea","VALUE_IN_EUROS","140 208 154"
"Dec. 2020","Bulgaria","Russian Federation (Russia)","Total","IMPORT","Sea","VALUE_IN_EUROS","99 362 458"
"Jan.-Dec. 2020","Bulgaria","Russian Federation (Russia)","Total","IMPORT","Sea","VALUE_IN_EUROS","1 473 484 585"
"Jan. 2021","Bulgaria","Russian Federation (Russia)","Total","IMPORT","Sea","VALUE_IN_EUROS","90 425 212"
"Feb. 2021","Bulgaria","Russian Federation (Russia)","Total","IMPORT","Sea","VALUE_IN_EUROS","154 765 517"
"Mar. 2021","Bulgaria","Russian Federation (Russia)","Total","IMPORT","Sea","VALUE_IN_EUROS","164 620 142"
"Apr. 2021","Bulgaria","Russian Federation (Russia)","Total","IMPORT","Sea","VALUE_IN_EUROS","147 423 978"
"May. 2021","Bulgaria","Russian Federation (Russia)","Total","IMPORT","Sea","VALUE_IN_EUROS","139 984 978"
"Jun. 2021","Bulgaria","Russian Federation (Russia)","Total","IMPORT","Sea","VALUE_IN_EUROS","194 660 010"
"Jul. 2021","Bulgaria","Russian Federation (Russia)","Total","IMPORT","Sea","VALUE_IN_EUROS","184 848 895"
"Jan. 2020","Czechia","Russian Federation (Russia)","Total","IMPORT","Sea","VALUE_IN_EUROS","53 212"
"Feb. 2020","Czechia","Russian Federation (Russia)","Total","IMPORT","Sea","VALUE_IN_EUROS",":"
"Mar. 2020","Czechia","Russian Federation (Russia)","Total","IMPORT","Sea","VALUE_IN_EUROS",":"
"Apr. 2020","Czechia","Russian Federation (Russia)","Total","IMPORT","Sea","VALUE_IN_EUROS",":"
"May. 2020","Czechia","Russian Federation (Russia)","Total","IMPORT","Sea","VALUE_IN_EUROS","261"
"Jun. 2020","Czechia","Russian Federation (Russia)","Total","IMPORT","Sea","VALUE_IN_EUROS",":"
"Jul. 2020","Czechia","Russian Federation (Russia)","Total","IMPORT","Sea","VALUE_IN_EUROS",":"
"Aug. 2020","Czechia","Russian Federation (Russia)","Total","IMPORT","Sea","VALUE_IN_EUROS",":"
"Sep. 2020","Czechia","Russian Federation (Russia)","Total","IMPORT","Sea","VALUE_IN_EUROS",":"
"Oct. 2020","Czechia","Russian Federation (Russia)","Total","IMPORT","Sea","VALUE_IN_EUROS",":"
"Nov. 2020","Czechia","Russian Federation (Russia)","Total","IMPORT","Sea","VALUE_IN_EUROS",":"
"Dec. 2020","Czechia","Russian Federation (Russia)","Total","IMPORT","Sea","VALUE_IN_EUROS",":"
"Jan.-Dec. 2020","Czechia","Russian Federation (Russia)","Total","IMPORT","Sea","VALUE_IN_EUROS","53 473"
"Jan. 2021","Czechia","Russian Federation (Russia)","Total","IMPORT","Sea","VALUE_IN_EUROS",":"
"Feb. 2021","Czechia","Russian Federation (Russia)","Total","IMPORT","Sea","VALUE_IN_EUROS",":"
"Mar. 2021","Czechia","Russian Federation (Russia)","Total","IMPORT","Sea","VALUE_IN_EUROS",":"
"Apr. 2021","Czechia","Russian Federation (Russia)","Total","IMPORT","Sea","VALUE_IN_EUROS",":"
"May. 2021","Czechia","Russian Federation (Russia)","Total","IMPORT","Sea","VALUE_IN_EUROS",":"
"Jun. 2021","Czechia","Russian Federation (Russia)","Total","IMPORT","Sea","VALUE_IN_EUROS",":"
"Jul. 2021","Czechia","Russian Federation (Russia)","Total","IMPORT","Sea","VALUE_IN_EUROS",":"
"Jan. 2020","Denmark","Russian Federation (Russia)","Total","IMPORT","Sea","VALUE_IN_EUROS","65 890 690"
"Feb. 2020","Denmark","Russian Federation (Russia)","Total","IMPORT","Sea","VALUE_IN_EUROS","62 992 723"
"Mar. 2020","Denmark","Russian Federation (Russia)","Total","IMPORT","Sea","VALUE_IN_EUROS","37 970 948"
"Apr. 2020","Denmark","Russian Federation (Russia)","Total","IMPORT","Sea","VALUE_IN_EUROS","39 232 161"
"May. 2020","Denmark","Russian Federation (Russia)","Total","IMPORT","Sea","VALUE_IN_EUROS","48 703 633"
"Jun. 2020","Denmark","Russian Federation (Russia)","Total","IMPORT","Sea","VALUE_IN_EUROS","56 973 506"
"Jul. 2020","Denmark","Russian Federation (Russia)","Total","IMPORT","Sea","VALUE_IN_EUROS","48 844 961"
"Aug. 2020","Denmark","Russian Federation (Russia)","Total","IMPORT","Sea","VALUE_IN_EUROS","60 248 964"
"Sep. 2020","Denmark","Russian Federation (Russia)","Total","IMPORT","Sea","VALUE_IN_EUROS","43 558 835"
"Oct. 2020","Denmark","Russian Federation (Russia)","Total","IMPORT","Sea","VALUE_IN_EUROS","57 912 584"
"Nov. 2020","Denmark","Russian Federation (Russia)","Total","IMPORT","Sea","VALUE_IN_EUROS","94 334 330"
"Dec. 2020","Denmark","Russian Federation (Russia)","Total","IMPORT","Sea","VALUE_IN_EUROS","85 393 379"
"Jan.-Dec. 2020","Denmark","Russian Federation (Russia)","Total","IMPORT","Sea","VALUE_IN_EUROS","702 056 714"
"Jan. 2021","Denmark","Russian Federation (Russia)","Total","IMPORT","Sea","VALUE_IN_EUROS","81 587 291"
"Feb. 2021","Denmark","Russian Federation (Russia)","Total","IMPORT","Sea","VALUE_IN_EUROS","103 116 910"
"Mar. 2021","Denmark","Russian Federation (Russia)","Total","IMPORT","Sea","VALUE_IN_EUROS","104 545 675"
"Apr. 2021","Denmark","Russian Federation (Russia)","Total","IMPORT","Sea","VALUE_IN_EUROS","125 051 613"
"May. 2021","Denmark","Russian Federation (Russia)","Total","IMPORT","Sea","VALUE_IN_EUROS","108 487 249"
"Jun. 2021","Denmark","Russian Federation (Russia)","Total","IMPORT","Sea","VALUE_IN_EUROS","97 934 576"
"Jul. 2021","Denmark","Russian Federation (Russia)","Total","IMPORT","Sea","VALUE_IN_EUROS","108 948 837"
"Jan. 2020","Germany (incl. German Democratic Republic 'DD' from 1991)","Russian Federation (Russia)","Total","IMPORT","Sea","VALUE_IN_EUROS","770 756 176"
"Feb. 2020","Germany (incl. German Democratic Republic 'DD' from 1991)","Russian Federation (Russia)","Total","IMPORT","Sea","VALUE_IN_EUROS","674 372 868"
"Mar. 2020","Germany (incl. German Democratic Republic 'DD' from 1991)","Russian Federation (Russia)","Total","IMPORT","Sea","VALUE_IN_EUROS","672 566 159"
"Apr. 2020","Germany (incl. German Democratic Republic 'DD' from 1991)","Russian Federation (Russia)","Total","IMPORT","Sea","VALUE_IN_EUROS","464 693 040"
"May. 2020","Germany (incl. German Democratic Republic 'DD' from 1991)","Russian Federation (Russia)","Total","IMPORT","Sea","VALUE_IN_EUROS","381 422 545"
"Jun. 2020","Germany (incl. German Democratic Republic 'DD' from 1991)","Russian Federation (Russia)","Total","IMPORT","Sea","VALUE_IN_EUROS","311 133 342"
"Jul. 2020","Germany (incl. German Democratic Republic 'DD' from 1991)","Russian Federation (Russia)","Total","IMPORT","Sea","VALUE_IN_EUROS","424 119 999"
"Aug. 2020","Germany (incl. German Democratic Republic 'DD' from 1991)","Russian Federation (Russia)","Total","IMPORT","Sea","VALUE_IN_EUROS","354 084 518"
"Sep. 2020","Germany (incl. German Democratic Republic 'DD' from 1991)","Russian Federation (Russia)","Total","IMPORT","Sea","VALUE_IN_EUROS","370 965 631"
"Oct. 2020","Germany (incl. German Democratic Republic 'DD' from 1991)","Russian Federation (Russia)","Total","IMPORT","Sea","VALUE_IN_EUROS","477 264 614"
"Nov. 2020","Germany (incl. German Democratic Republic 'DD' from 1991)","Russian Federation (Russia)","Total","IMPORT","Sea","VALUE_IN_EUROS","436 074 075"
"Dec. 2020","Germany (incl. German Democratic Republic 'DD' from 1991)","Russian Federation (Russia)","Total","IMPORT","Sea","VALUE_IN_EUROS","416 282 299"
"Jan.-Dec. 2020","Germany (incl. German Democratic Republic 'DD' from 1991)","Russian Federation (Russia)","Total","IMPORT","Sea","VALUE_IN_EUROS","5 753 735 266"
"Jan. 2021","Germany (incl. German Democratic Republic 'DD' from 1991)","Russian Federation (Russia)","Total","IMPORT","Sea","VALUE_IN_EUROS","545 798 583"
"Feb. 2021","Germany (incl. German Democratic Republic 'DD' from 1991)","Russian Federation (Russia)","Total","IMPORT","Sea","VALUE_IN_EUROS","524 529 661"
"Mar. 2021","Germany (incl. German Democratic Republic 'DD' from 1991)","Russian Federation (Russia)","Total","IMPORT","Sea","VALUE_IN_EUROS","611 623 338"
"Apr. 2021","Germany (incl. German Democratic Republic 'DD' from 1991)","Russian Federation (Russia)","Total","IMPORT","Sea","VALUE_IN_EUROS","754 546 121"
"May. 2021","Germany (incl. German Democratic Republic 'DD' from 1991)","Russian Federation (Russia)","Total","IMPORT","Sea","VALUE_IN_EUROS","654 749 275"
"Jun. 2021","Germany (incl. German Democratic Republic 'DD' from 1991)","Russian Federation (Russia)","Total","IMPORT","Sea","VALUE_IN_EUROS","656 939 700"
"Jul. 2021","Germany (incl. German Democratic Republic 'DD' from 1991)","Russian Federation (Russia)","Total","IMPORT","Sea","VALUE_IN_EUROS","772 205 093"
"Jan. 2020","Estonia","Russian Federation (Russia)","Total","IMPORT","Sea","VALUE_IN_EUROS","37 545 425"
"Feb. 2020","Estonia","Russian Federation (Russia)","Total","IMPORT","Sea","VALUE_IN_EUROS","31 646 454"
"Mar. 2020","Estonia","Russian Federation (Russia)","Total","IMPORT","Sea","VALUE_IN_EUROS","43 219 562"
"Apr. 2020","Estonia","Russian Federation (Russia)","Total","IMPORT","Sea","VALUE_IN_EUROS","29 767 329"
"May. 2020","Estonia","Russian Federation (Russia)","Total","IMPORT","Sea","VALUE_IN_EUROS","47 097 106"
"Jun. 2020","Estonia","Russian Federation (Russia)","Total","IMPORT","Sea","VALUE_IN_EUROS","48 581 722"
"Jul. 2020","Estonia","Russian Federation (Russia)","Total","IMPORT","Sea","VALUE_IN_EUROS","53 307 263"
"Aug. 2020","Estonia","Russian Federation (Russia)","Total","IMPORT","Sea","VALUE_IN_EUROS","26 993 841"
"Sep. 2020","Estonia","Russian Federation (Russia)","Total","IMPORT","Sea","VALUE_IN_EUROS","28 166 394"
"Oct. 2020","Estonia","Russian Federation (Russia)","Total","IMPORT","Sea","VALUE_IN_EUROS","49 507 770"
"Nov. 2020","Estonia","Russian Federation (Russia)","Total","IMPORT","Sea","VALUE_IN_EUROS","35 481 862"
"Dec. 2020","Estonia","Russian Federation (Russia)","Total","IMPORT","Sea","VALUE_IN_EUROS","55 751 186"
"Jan.-Dec. 2020","Estonia","Russian Federation (Russia)","Total","IMPORT","Sea","VALUE_IN_EUROS","487 065 914"
"Jan. 2021","Estonia","Russian Federation (Russia)","Total","IMPORT","Sea","VALUE_IN_EUROS","41 893 327"
"Feb. 2021","Estonia","Russian Federation (Russia)","Total","IMPORT","Sea","VALUE_IN_EUROS","50 035 461"
"Mar. 2021","Estonia","Russian Federation (Russia)","Total","IMPORT","Sea","VALUE_IN_EUROS","62 532 739"
"Apr. 2021","Estonia","Russian Federation (Russia)","Total","IMPORT","Sea","VALUE_IN_EUROS","72 900 540"
"May. 2021","Estonia","Russian Federation (Russia)","Total","IMPORT","Sea","VALUE_IN_EUROS","83 990 319"
"Jun. 2021","Estonia","Russian Federation (Russia)","Total","IMPORT","Sea","VALUE_IN_EUROS","111 051 371"
"Jul. 2021","Estonia","Russian Federation (Russia)","Total","IMPORT","Sea","VALUE_IN_EUROS","106 390 874"
"Jan. 2020","Ireland (Eire)","Russian Federation (Russia)","Total","IMPORT","Sea","VALUE_IN_EUROS","36 378 427"
"Feb. 2020","Ireland (Eire)","Russian Federation (Russia)","Total","IMPORT","Sea","VALUE_IN_EUROS","43 168 160"
"Mar. 2020","Ireland (Eire)","Russian Federation (Russia)","Total","IMPORT","Sea","VALUE_IN_EUROS","38 345 023"
"Apr. 2020","Ireland (Eire)","Russian Federation (Russia)","Total","IMPORT","Sea","VALUE_IN_EUROS","9 267 134"
"May. 2020","Ireland (Eire)","Russian Federation (Russia)","Total","IMPORT","Sea","VALUE_IN_EUROS","19 633 925"
"Jun. 2020","Ireland (Eire)","Russian Federation (Russia)","Total","IMPORT","Sea","VALUE_IN_EUROS","11 192 081"
"Jul. 2020","Ireland (Eire)","Russian Federation (Russia)","Total","IMPORT","Sea","VALUE_IN_EUROS","31 123 889"
"Aug. 2020","Ireland (Eire)","Russian Federation (Russia)","Total","IMPORT","Sea","VALUE_IN_EUROS","11 546 634"
"Sep. 2020","Ireland (Eire)","Russian Federation (Russia)","Total","IMPORT","Sea","VALUE_IN_EUROS","13 172 312"
"Oct. 2020","Ireland (Eire)","Russian Federation (Russia)","Total","IMPORT","Sea","VALUE_IN_EUROS","15 939 221"
"Nov. 2020","Ireland (Eire)","Russian Federation (Russia)","Total","IMPORT","Sea","VALUE_IN_EUROS","17 612 386"
"Dec. 2020","Ireland (Eire)","Russian Federation (Russia)","Total","IMPORT","Sea","VALUE_IN_EUROS","18 112 827"
"Jan.-Dec. 2020","Ireland (Eire)","Russian Federation (Russia)","Total","IMPORT","Sea","VALUE_IN_EUROS","265 492 019"
"Jan. 2021","Ireland (Eire)","Russian Federation (Russia)","Total","IMPORT","Sea","VALUE_IN_EUROS","57 148 315"
"Feb. 2021","Ireland (Eire)","Russian Federation (Russia)","Total","IMPORT","Sea","VALUE_IN_EUROS","35 114 389"
"Mar. 2021","Ireland (Eire)","Russian Federation (Russia)","Total","IMPORT","Sea","VALUE_IN_EUROS","40 500 685"
"Apr. 2021","Ireland (Eire)","Russian Federation (Russia)","Total","IMPORT","Sea","VALUE_IN_EUROS","21 196 276"
"May. 2021","Ireland (Eire)","Russian Federation (Russia)","Total","IMPORT","Sea","VALUE_IN_EUROS","46 680 180"
"Jun. 2021","Ireland (Eire)","Russian Federation (Russia)","Total","IMPORT","Sea","VALUE_IN_EUROS","13 124 523"
"Jul. 2021","Ireland (Eire)","Russian Federation (Russia)","Total","IMPORT","Sea","VALUE_IN_EUROS","30 465 671"
"Jan. 2020","Spain (incl. Canary Islands 'XB' from 1997)","Russian Federation (Russia)","Total","IMPORT","Sea","VALUE_IN_EUROS","363 255 910"
"Feb. 2020","Spain (incl. Canary Islands 'XB' from 1997)","Russian Federation (Russia)","Total","IMPORT","Sea","VALUE_IN_EUROS","374 141 514"
"Mar. 2020","Spain (incl. Canary Islands 'XB' from 1997)","Russian Federation (Russia)","Total","IMPORT","Sea","VALUE_IN_EUROS","190 844 332"
"Apr. 2020","Spain (incl. Canary Islands 'XB' from 1997)","Russian Federation (Russia)","Total","IMPORT","Sea","VALUE_IN_EUROS","118 289 096"
"May. 2020","Spain (incl. Canary Islands 'XB' from 1997)","Russian Federation (Russia)","Total","IMPORT","Sea","VALUE_IN_EUROS","141 557 576"
"Jun. 2020","Spain (incl. Canary Islands 'XB' from 1997)","Russian Federation (Russia)","Total","IMPORT","Sea","VALUE_IN_EUROS","129 854 592"
"Jul. 2020","Spain (incl. Canary Islands 'XB' from 1997)","Russian Federation (Russia)","Total","IMPORT","Sea","VALUE_IN_EUROS","161 513 235"
"Aug. 2020","Spain (incl. Canary Islands 'XB' from 1997)","Russian Federation (Russia)","Total","IMPORT","Sea","VALUE_IN_EUROS","188 521 520"
"Sep. 2020","Spain (incl. Canary Islands 'XB' from 1997)","Russian Federation (Russia)","Total","IMPORT","Sea","VALUE_IN_EUROS","209 518 327"
"Oct. 2020","Spain (incl. Canary Islands 'XB' from 1997)","Russian Federation (Russia)","Total","IMPORT","Sea","VALUE_IN_EUROS","196 219 974"
"Nov. 2020","Spain (incl. Canary Islands 'XB' from 1997)","Russian Federation (Russia)","Total","IMPORT","Sea","VALUE_IN_EUROS","189 590 077"
"Dec. 2020","Spain (incl. Canary Islands 'XB' from 1997)","Russian Federation (Russia)","Total","IMPORT","Sea","VALUE_IN_EUROS","138 938 099"
"Jan.-Dec. 2020","Spain (incl. Canary Islands 'XB' from 1997)","Russian Federation (Russia)","Total","IMPORT","Sea","VALUE_IN_EUROS","2 402 244 252"
"Jan. 2021","Spain (incl. Canary Islands 'XB' from 1997)","Russian Federation (Russia)","Total","IMPORT","Sea","VALUE_IN_EUROS","364 363 551"
"Feb. 2021","Spain (incl. Canary Islands 'XB' from 1997)","Russian Federation (Russia)","Total","IMPORT","Sea","VALUE_IN_EUROS","376 804 140"
"Mar. 2021","Spain (incl. Canary Islands 'XB' from 1997)","Russian Federation (Russia)","Total","IMPORT","Sea","VALUE_IN_EUROS","256 340 904"
"Apr. 2021","Spain (incl. Canary Islands 'XB' from 1997)","Russian Federation (Russia)","Total","IMPORT","Sea","VALUE_IN_EUROS","321 245 270"
"May. 2021","Spain (incl. Canary Islands 'XB' from 1997)","Russian Federation (Russia)","Total","IMPORT","Sea","VALUE_IN_EUROS","541 600 117"
"Jun. 2021","Spain (incl. Canary Islands 'XB' from 1997)","Russian Federation (Russia)","Total","IMPORT","Sea","VALUE_IN_EUROS","464 403 471"
"Jul. 2021","Spain (incl. Canary Islands 'XB' from 1997)","Russian Federation (Russia)","Total","IMPORT","Sea","VALUE_IN_EUROS","421 159 693"
"Jan. 2020","France (incl. Saint Barthélemy 'BL' -> 2012; incl. French Guiana 'GF', Guadeloupe 'GP', Martinique 'MQ', Réunion 'RE' from 1997; incl. Mayotte 'YT' from 2014)","Russian Federation (Russia)","Total","IMPORT","Sea","VALUE_IN_EUROS","772 169 803"
"Feb. 2020","France (incl. Saint Barthélemy 'BL' -> 2012; incl. French Guiana 'GF', Guadeloupe 'GP', Martinique 'MQ', Réunion 'RE' from 1997; incl. Mayotte 'YT' from 2014)","Russian Federation (Russia)","Total","IMPORT","Sea","VALUE_IN_EUROS","737 510 934"
"Mar. 2020","France (incl. Saint Barthélemy 'BL' -> 2012; incl. French Guiana 'GF', Guadeloupe 'GP', Martinique 'MQ', Réunion 'RE' from 1997; incl. Mayotte 'YT' from 2014)","Russian Federation (Russia)","Total","IMPORT","Sea","VALUE_IN_EUROS","689 341 441"
"Apr. 2020","France (incl. Saint Barthélemy 'BL' -> 2012; incl. French Guiana 'GF', Guadeloupe 'GP', Martinique 'MQ', Réunion 'RE' from 1997; incl. Mayotte 'YT' from 2014)","Russian Federation (Russia)","Total","IMPORT","Sea","VALUE_IN_EUROS","202 726 056"
"May. 2020","France (incl. Saint Barthélemy 'BL' -> 2012; incl. French Guiana 'GF', Guadeloupe 'GP', Martinique 'MQ', Réunion 'RE' from 1997; incl. Mayotte 'YT' from 2014)","Russian Federation (Russia)","Total","IMPORT","Sea","VALUE_IN_EUROS","218 834 502"
"Jun. 2020","France (incl. Saint Barthélemy 'BL' -> 2012; incl. French Guiana 'GF', Guadeloupe 'GP', Martinique 'MQ', Réunion 'RE' from 1997; incl. Mayotte 'YT' from 2014)","Russian Federation (Russia)","Total","IMPORT","Sea","VALUE_IN_EUROS","405 104 950"
"Jul. 2020","France (incl. Saint Barthélemy 'BL' -> 2012; incl. French Guiana 'GF', Guadeloupe 'GP', Martinique 'MQ', Réunion 'RE' from 1997; incl. Mayotte 'YT' from 2014)","Russian Federation (Russia)","Total","IMPORT","Sea","VALUE_IN_EUROS","461 363 388"
"Aug. 2020","France (incl. Saint Barthélemy 'BL' -> 2012; incl. French Guiana 'GF', Guadeloupe 'GP', Martinique 'MQ', Réunion 'RE' from 1997; incl. Mayotte 'YT' from 2014)","Russian Federation (Russia)","Total","IMPORT","Sea","VALUE_IN_EUROS","280 097 624"
"Sep. 2020","France (incl. Saint Barthélemy 'BL' -> 2012; incl. French Guiana 'GF', Guadeloupe 'GP', Martinique 'MQ', Réunion 'RE' from 1997; incl. Mayotte 'YT' from 2014)","Russian Federation (Russia)","Total","IMPORT","Sea","VALUE_IN_EUROS","205 508 551"
"Oct. 2020","France (incl. Saint Barthélemy 'BL' -> 2012; incl. French Guiana 'GF', Guadeloupe 'GP', Martinique 'MQ', Réunion 'RE' from 1997; incl. Mayotte 'YT' from 2014)","Russian Federation (Russia)","Total","IMPORT","Sea","VALUE_IN_EUROS","303 038 534"
"Nov. 2020","France (incl. Saint Barthélemy 'BL' -> 2012; incl. French Guiana 'GF', Guadeloupe 'GP', Martinique 'MQ', Réunion 'RE' from 1997; incl. Mayotte 'YT' from 2014)","Russian Federation (Russia)","Total","IMPORT","Sea","VALUE_IN_EUROS","249 666 014"
"Dec. 2020","France (incl. Saint Barthélemy 'BL' -> 2012; incl. French Guiana 'GF', Guadeloupe 'GP', Martinique 'MQ', Réunion 'RE' from 1997; incl. Mayotte 'YT' from 2014)","Russian Federation (Russia)","Total","IMPORT","Sea","VALUE_IN_EUROS","429 948 039"
"Jan.-Dec. 2020","France (incl. Saint Barthélemy 'BL' -> 2012; incl. French Guiana 'GF', Guadeloupe 'GP', Martinique 'MQ', Réunion 'RE' from 1997; incl. Mayotte 'YT' from 2014)","Russian Federation (Russia)","Total","IMPORT","Sea","VALUE_IN_EUROS","4 955 309 836"
"Jan. 2021","France (incl. Saint Barthélemy 'BL' -> 2012; incl. French Guiana 'GF', Guadeloupe 'GP', Martinique 'MQ', Réunion 'RE' from 1997; incl. Mayotte 'YT' from 2014)","Russian Federation (Russia)","Total","IMPORT","Sea","VALUE_IN_EUROS","567 842 323"
"Feb. 2021","France (incl. Saint Barthélemy 'BL' -> 2012; incl. French Guiana 'GF', Guadeloupe 'GP', Martinique 'MQ', Réunion 'RE' from 1997; incl. Mayotte 'YT' from 2014)","Russian Federation (Russia)","Total","IMPORT","Sea","VALUE_IN_EUROS","597 831 401"
"Mar. 2021","France (incl. Saint Barthélemy 'BL' -> 2012; incl. French Guiana 'GF', Guadeloupe 'GP', Martinique 'MQ', Réunion 'RE' from 1997; incl. Mayotte 'YT' from 2014)","Russian Federation (Russia)","Total","IMPORT","Sea","VALUE_IN_EUROS","633 982 343"
"Apr. 2021","France (incl. Saint Barthélemy 'BL' -> 2012; incl. French Guiana 'GF', Guadeloupe 'GP', Martinique 'MQ', Réunion 'RE' from 1997; incl. Mayotte 'YT' from 2014)","Russian Federation (Russia)","Total","IMPORT","Sea","VALUE_IN_EUROS","775 888 280"
"May. 2021","France (incl. Saint Barthélemy 'BL' -> 2012; incl. French Guiana 'GF', Guadeloupe 'GP', Martinique 'MQ', Réunion 'RE' from 1997; incl. Mayotte 'YT' from 2014)","Russian Federation (Russia)","Total","IMPORT","Sea","VALUE_IN_EUROS","742 389 016"
"Jun. 2021","France (incl. Saint Barthélemy 'BL' -> 2012; incl. French Guiana 'GF', Guadeloupe 'GP', Martinique 'MQ', Réunion 'RE' from 1997; incl. Mayotte 'YT' from 2014)","Russian Federation (Russia)","Total","IMPORT","Sea","VALUE_IN_EUROS","675 167 174"
"Jul. 2021","France (incl. Saint Barthélemy 'BL' -> 2012; incl. French Guiana 'GF', Guadeloupe 'GP', Martinique 'MQ', Réunion 'RE' from 1997; incl. Mayotte 'YT' from 2014)","Russian Federation (Russia)","Total","IMPORT","Sea","VALUE_IN_EUROS","789 815 757"
"Jan. 2020","Croatia","Russian Federation (Russia)","Total","IMPORT","Sea","VALUE_IN_EUROS","9 793 751"
"Feb. 2020","Croatia","Russian Federation (Russia)","Total","IMPORT","Sea","VALUE_IN_EUROS","19 105 562"
"Mar. 2020","Croatia","Russian Federation (Russia)","Total","IMPORT","Sea","VALUE_IN_EUROS","9 966 734"
"Apr. 2020","Croatia","Russian Federation (Russia)","Total","IMPORT","Sea","VALUE_IN_EUROS","8 226 450"
"May. 2020","Croatia","Russian Federation (Russia)","Total","IMPORT","Sea","VALUE_IN_EUROS","49 588 797"
"Jun. 2020","Croatia","Russian Federation (Russia)","Total","IMPORT","Sea","VALUE_IN_EUROS","13 587 846"
"Jul. 2020","Croatia","Russian Federation (Russia)","Total","IMPORT","Sea","VALUE_IN_EUROS","12 726 484"
"Aug. 2020","Croatia","Russian Federation (Russia)","Total","IMPORT","Sea","VALUE_IN_EUROS","17 299 212"
"Sep. 2020","Croatia","Russian Federation (Russia)","Total","IMPORT","Sea","VALUE_IN_EUROS","32 562 492"
"Oct. 2020","Croatia","Russian Federation (Russia)","Total","IMPORT","Sea","VALUE_IN_EUROS","17 536 406"
"Nov. 2020","Croatia","Russian Federation (Russia)","Total","IMPORT","Sea","VALUE_IN_EUROS","10 443 048"
"Dec. 2020","Croatia","Russian Federation (Russia)","Total","IMPORT","Sea","VALUE_IN_EUROS","8 499 711"
"Jan.-Dec. 2020","Croatia","Russian Federation (Russia)","Total","IMPORT","Sea","VALUE_IN_EUROS","209 336 493"
"Jan. 2021","Croatia","Russian Federation (Russia)","Total","IMPORT","Sea","VALUE_IN_EUROS","13 247 454"
"Feb. 2021","Croatia","Russian Federation (Russia)","Total","IMPORT","Sea","VALUE_IN_EUROS","32 899 707"
"Mar. 2021","Croatia","Russian Federation (Russia)","Total","IMPORT","Sea","VALUE_IN_EUROS","24 734 372"
"Apr. 2021","Croatia","Russian Federation (Russia)","Total","IMPORT","Sea","VALUE_IN_EUROS","34 689 009"
"May. 2021","Croatia","Russian Federation (Russia)","Total","IMPORT","Sea","VALUE_IN_EUROS","38 876 065"
"Jun. 2021","Croatia","Russian Federation (Russia)","Total","IMPORT","Sea","VALUE_IN_EUROS","23 117 291"
"Jul. 2021","Croatia","Russian Federation (Russia)","Total","IMPORT","Sea","VALUE_IN_EUROS","58 096 151"
"Jan. 2020","Italy (incl. San Marino 'SM' -> 1993)","Russian Federation (Russia)","Total","IMPORT","Sea","VALUE_IN_EUROS","561 668 290"
"Feb. 2020","Italy (incl. San Marino 'SM' -> 1993)","Russian Federation (Russia)","Total","IMPORT","Sea","VALUE_IN_EUROS","474 344 207"
"Mar. 2020","Italy (incl. San Marino 'SM' -> 1993)","Russian Federation (Russia)","Total","IMPORT","Sea","VALUE_IN_EUROS","420 506 587"
"Apr. 2020","Italy (incl. San Marino 'SM' -> 1993)","Russian Federation (Russia)","Total","IMPORT","Sea","VALUE_IN_EUROS","251 325 973"
"May. 2020","Italy (incl. San Marino 'SM' -> 1993)","Russian Federation (Russia)","Total","IMPORT","Sea","VALUE_IN_EUROS","279 001 532"
"Jun. 2020","Italy (incl. San Marino 'SM' -> 1993)","Russian Federation (Russia)","Total","IMPORT","Sea","VALUE_IN_EUROS","375 712 831"
"Jul. 2020","Italy (incl. San Marino 'SM' -> 1993)","Russian Federation (Russia)","Total","IMPORT","Sea","VALUE_IN_EUROS","386 335 977"
"Aug. 2020","Italy (incl. San Marino 'SM' -> 1993)","Russian Federation (Russia)","Total","IMPORT","Sea","VALUE_IN_EUROS","315 941 997"
"Sep. 2020","Italy (incl. San Marino 'SM' -> 1993)","Russian Federation (Russia)","Total","IMPORT","Sea","VALUE_IN_EUROS","417 008 748"
"Oct. 2020","Italy (incl. San Marino 'SM' -> 1993)","Russian Federation (Russia)","Total","IMPORT","Sea","VALUE_IN_EUROS","246 427 214"
"Nov. 2020","Italy (incl. San Marino 'SM' -> 1993)","Russian Federation (Russia)","Total","IMPORT","Sea","VALUE_IN_EUROS","226 198 919"
"Dec. 2020","Italy (incl. San Marino 'SM' -> 1993)","Russian Federation (Russia)","Total","IMPORT","Sea","VALUE_IN_EUROS","297 930 931"
"Jan.-Dec. 2020","Italy (incl. San Marino 'SM' -> 1993)","Russian Federation (Russia)","Total","IMPORT","Sea","VALUE_IN_EUROS","4 252 403 206"
"Jan. 2021","Italy (incl. San Marino 'SM' -> 1993)","Russian Federation (Russia)","Total","IMPORT","Sea","VALUE_IN_EUROS","406 402 852"
"Feb. 2021","Italy (incl. San Marino 'SM' -> 1993)","Russian Federation (Russia)","Total","IMPORT","Sea","VALUE_IN_EUROS","270 260 349"
"Mar. 2021","Italy (incl. San Marino 'SM' -> 1993)","Russian Federation (Russia)","Total","IMPORT","Sea","VALUE_IN_EUROS","490 549 177"
"Apr. 2021","Italy (incl. San Marino 'SM' -> 1993)","Russian Federation (Russia)","Total","IMPORT","Sea","VALUE_IN_EUROS","536 428 660"
"May. 2021","Italy (incl. San Marino 'SM' -> 1993)","Russian Federation (Russia)","Total","IMPORT","Sea","VALUE_IN_EUROS","487 179 987"
"Jun. 2021","Italy (incl. San Marino 'SM' -> 1993)","Russian Federation (Russia)","Total","IMPORT","Sea","VALUE_IN_EUROS","602 563 721"
"Jul. 2021","Italy (incl. San Marino 'SM' -> 1993)","Russian Federation (Russia)","Total","IMPORT","Sea","VALUE_IN_EUROS","662 452 046"
"Jan. 2020","Cyprus","Russian Federation (Russia)","Total","IMPORT","Sea","VALUE_IN_EUROS","3 921 508"
"Feb. 2020","Cyprus","Russian Federation (Russia)","Total","IMPORT","Sea","VALUE_IN_EUROS","7 100 001"
"Mar. 2020","Cyprus","Russian Federation (Russia)","Total","IMPORT","Sea","VALUE_IN_EUROS","2 511 546"
"Apr. 2020","Cyprus","Russian Federation (Russia)","Total","IMPORT","Sea","VALUE_IN_EUROS","2 182 022"
"May. 2020","Cyprus","Russian Federation (Russia)","Total","IMPORT","Sea","VALUE_IN_EUROS","2 690 236"
"Jun. 2020","Cyprus","Russian Federation (Russia)","Total","IMPORT","Sea","VALUE_IN_EUROS","596 389"
"Jul. 2020","Cyprus","Russian Federation (Russia)","Total","IMPORT","Sea","VALUE_IN_EUROS","1 736 342"
"Aug. 2020","Cyprus","Russian Federation (Russia)","Total","IMPORT","Sea","VALUE_IN_EUROS","1 151 221"
"Sep. 2020","Cyprus","Russian Federation (Russia)","Total","IMPORT","Sea","VALUE_IN_EUROS","1 956 306"
"Oct. 2020","Cyprus","Russian Federation (Russia)","Total","IMPORT","Sea","VALUE_IN_EUROS","2 090 823"
"Nov. 2020","Cyprus","Russian Federation (Russia)","Total","IMPORT","Sea","VALUE_IN_EUROS","2 449 891"
"Dec. 2020","Cyprus","Russian Federation (Russia)","Total","IMPORT","Sea","VALUE_IN_EUROS","3 375 687"
"Jan.-Dec. 2020","Cyprus","Russian Federation (Russia)","Total","IMPORT","Sea","VALUE_IN_EUROS","31 761 972"
"Jan. 2021","Cyprus","Russian Federation (Russia)","Total","IMPORT","Sea","VALUE_IN_EUROS","2 862 677"
"Feb. 2021","Cyprus","Russian Federation (Russia)","Total","IMPORT","Sea","VALUE_IN_EUROS","1 595 882"
"Mar. 2021","Cyprus","Russian Federation (Russia)","Total","IMPORT","Sea","VALUE_IN_EUROS","4 710 098"
"Apr. 2021","Cyprus","Russian Federation (Russia)","Total","IMPORT","Sea","VALUE_IN_EUROS","1 386 133"
"May. 2021","Cyprus","Russian Federation (Russia)","Total","IMPORT","Sea","VALUE_IN_EUROS","4 852 457"
"Jun. 2021","Cyprus","Russian Federation (Russia)","Total","IMPORT","Sea","VALUE_IN_EUROS","5 060 093"
"Jul. 2021","Cyprus","Russian Federation (Russia)","Total","IMPORT","Sea","VALUE_IN_EUROS","8 945 552"
"Jan. 2020","Latvia","Russian Federation (Russia)","Total","IMPORT","Sea","VALUE_IN_EUROS","15 041 966"
"Feb. 2020","Latvia","Russian Federation (Russia)","Total","IMPORT","Sea","VALUE_IN_EUROS","13 653 928"
"Mar. 2020","Latvia","Russian Federation (Russia)","Total","IMPORT","Sea","VALUE_IN_EUROS","12 550 639"
"Apr. 2020","Latvia","Russian Federation (Russia)","Total","IMPORT","Sea","VALUE_IN_EUROS","7 197 255"
"May. 2020","Latvia","Russian Federation (Russia)","Total","IMPORT","Sea","VALUE_IN_EUROS","9 200 857"
"Jun. 2020","Latvia","Russian Federation (Russia)","Total","IMPORT","Sea","VALUE_IN_EUROS","18 274 738"
"Jul. 2020","Latvia","Russian Federation (Russia)","Total","IMPORT","Sea","VALUE_IN_EUROS","19 709 952"
"Aug. 2020","Latvia","Russian Federation (Russia)","Total","IMPORT","Sea","VALUE_IN_EUROS","12 806 378"
"Sep. 2020","Latvia","Russian Federation (Russia)","Total","IMPORT","Sea","VALUE_IN_EUROS","7 526 719"
"Oct. 2020","Latvia","Russian Federation (Russia)","Total","IMPORT","Sea","VALUE_IN_EUROS","14 471 723"
"Nov. 2020","Latvia","Russian Federation (Russia)","Total","IMPORT","Sea","VALUE_IN_EUROS","6 578 928"
"Dec. 2020","Latvia","Russian Federation (Russia)","Total","IMPORT","Sea","VALUE_IN_EUROS","6 106 948"
"Jan.-Dec. 2020","Latvia","Russian Federation (Russia)","Total","IMPORT","Sea","VALUE_IN_EUROS","143 120 031"
"Jan. 2021","Latvia","Russian Federation (Russia)","Total","IMPORT","Sea","VALUE_IN_EUROS","27 205 793"
"Feb. 2021","Latvia","Russian Federation (Russia)","Total","IMPORT","Sea","VALUE_IN_EUROS","6 375 815"
"Mar. 2021","Latvia","Russian Federation (Russia)","Total","IMPORT","Sea","VALUE_IN_EUROS","10 032 000"
"Apr. 2021","Latvia","Russian Federation (Russia)","Total","IMPORT","Sea","VALUE_IN_EUROS","36 675 367"
"May. 2021","Latvia","Russian Federation (Russia)","Total","IMPORT","Sea","VALUE_IN_EUROS","19 499 439"
"Jun. 2021","Latvia","Russian Federation (Russia)","Total","IMPORT","Sea","VALUE_IN_EUROS","24 620 545"
"Jul. 2021","Latvia","Russian Federation (Russia)","Total","IMPORT","Sea","VALUE_IN_EUROS","68 154 604"
"Jan. 2020","Lithuania","Russian Federation (Russia)","Total","IMPORT","Sea","VALUE_IN_EUROS","175 662 939"
"Feb. 2020","Lithuania","Russian Federation (Russia)","Total","IMPORT","Sea","VALUE_IN_EUROS","219 895 055"
"Mar. 2020","Lithuania","Russian Federation (Russia)","Total","IMPORT","Sea","VALUE_IN_EUROS","144 862 995"
"Apr. 2020","Lithuania","Russian Federation (Russia)","Total","IMPORT","Sea","VALUE_IN_EUROS","33 257 867"
"May. 2020","Lithuania","Russian Federation (Russia)","Total","IMPORT","Sea","VALUE_IN_EUROS","53 879 659"
"Jun. 2020","Lithuania","Russian Federation (Russia)","Total","IMPORT","Sea","VALUE_IN_EUROS","149 241 920"
"Jul. 2020","Lithuania","Russian Federation (Russia)","Total","IMPORT","Sea","VALUE_IN_EUROS","73 173 616"
"Aug. 2020","Lithuania","Russian Federation (Russia)","Total","IMPORT","Sea","VALUE_IN_EUROS","173 254 106"
"Sep. 2020","Lithuania","Russian Federation (Russia)","Total","IMPORT","Sea","VALUE_IN_EUROS","111 630 884"
"Oct. 2020","Lithuania","Russian Federation (Russia)","Total","IMPORT","Sea","VALUE_IN_EUROS","207 627 088"
"Nov. 2020","Lithuania","Russian Federation (Russia)","Total","IMPORT","Sea","VALUE_IN_EUROS","97 562 737"
"Dec. 2020","Lithuania","Russian Federation (Russia)","Total","IMPORT","Sea","VALUE_IN_EUROS","72 304 183"
"Jan.-Dec. 2020","Lithuania","Russian Federation (Russia)","Total","IMPORT","Sea","VALUE_IN_EUROS","1 512 353 049"
"Jan. 2021","Lithuania","Russian Federation (Russia)","Total","IMPORT","Sea","VALUE_IN_EUROS","102 023 672"
"Feb. 2021","Lithuania","Russian Federation (Russia)","Total","IMPORT","Sea","VALUE_IN_EUROS","95 491 243"
"Mar. 2021","Lithuania","Russian Federation (Russia)","Total","IMPORT","Sea","VALUE_IN_EUROS","176 688 887"
"Apr. 2021","Lithuania","Russian Federation (Russia)","Total","IMPORT","Sea","VALUE_IN_EUROS","161 885 893"
"May. 2021","Lithuania","Russian Federation (Russia)","Total","IMPORT","Sea","VALUE_IN_EUROS","336 333 000"
"Jun. 2021","Lithuania","Russian Federation (Russia)","Total","IMPORT","Sea","VALUE_IN_EUROS","156 501 449"
"Jul. 2021","Lithuania","Russian Federation (Russia)","Total","IMPORT","Sea","VALUE_IN_EUROS","265 564 369"
"Jan. 2020","Luxembourg","Russian Federation (Russia)","Total","IMPORT","Sea","VALUE_IN_EUROS","1 559 342"
"Feb. 2020","Luxembourg","Russian Federation (Russia)","Total","IMPORT","Sea","VALUE_IN_EUROS","1 463 509"
"Mar. 2020","Luxembourg","Russian Federation (Russia)","Total","IMPORT","Sea","VALUE_IN_EUROS","1 118 271"
"Apr. 2020","Luxembourg","Russian Federation (Russia)","Total","IMPORT","Sea","VALUE_IN_EUROS","628 418"
"May. 2020","Luxembourg","Russian Federation (Russia)","Total","IMPORT","Sea","VALUE_IN_EUROS","2 928 527"
"Jun. 2020","Luxembourg","Russian Federation (Russia)","Total","IMPORT","Sea","VALUE_IN_EUROS","556 187"
"Jul. 2020","Luxembourg","Russian Federation (Russia)","Total","IMPORT","Sea","VALUE_IN_EUROS","2 164 232"
"Aug. 2020","Luxembourg","Russian Federation (Russia)","Total","IMPORT","Sea","VALUE_IN_EUROS","514 502"
"Sep. 2020","Luxembourg","Russian Federation (Russia)","Total","IMPORT","Sea","VALUE_IN_EUROS","3 260 177"
"Oct. 2020","Luxembourg","Russian Federation (Russia)","Total","IMPORT","Sea","VALUE_IN_EUROS","1 868 647"
"Nov. 2020","Luxembourg","Russian Federation (Russia)","Total","IMPORT","Sea","VALUE_IN_EUROS","2 640 320"
"Dec. 2020","Luxembourg","Russian Federation (Russia)","Total","IMPORT","Sea","VALUE_IN_EUROS","2 224 617"
"Jan.-Dec. 2020","Luxembourg","Russian Federation (Russia)","Total","IMPORT","Sea","VALUE_IN_EUROS","20 926 749"
"Jan. 2021","Luxembourg","Russian Federation (Russia)","Total","IMPORT","Sea","VALUE_IN_EUROS","3 332 402"
"Feb. 2021","Luxembourg","Russian Federation (Russia)","Total","IMPORT","Sea","VALUE_IN_EUROS","857 629"
"Mar. 2021","Luxembourg","Russian Federation (Russia)","Total","IMPORT","Sea","VALUE_IN_EUROS","1 217 077"
"Apr. 2021","Luxembourg","Russian Federation (Russia)","Total","IMPORT","Sea","VALUE_IN_EUROS","630 714"
"May. 2021","Luxembourg","Russian Federation (Russia)","Total","IMPORT","Sea","VALUE_IN_EUROS",":"
"Jun. 2021","Luxembourg","Russian Federation (Russia)","Total","IMPORT","Sea","VALUE_IN_EUROS","2 214 748"
"Jul. 2021","Luxembourg","Russian Federation (Russia)","Total","IMPORT","Sea","VALUE_IN_EUROS","1 383 866"
"Jan. 2020","Hungary","Russian Federation (Russia)","Total","IMPORT","Sea","VALUE_IN_EUROS","351 165"
"Feb. 2020","Hungary","Russian Federation (Russia)","Total","IMPORT","Sea","VALUE_IN_EUROS","51 112"
"Mar. 2020","Hungary","Russian Federation (Russia)","Total","IMPORT","Sea","VALUE_IN_EUROS","71 671"
"Apr. 2020","Hungary","Russian Federation (Russia)","Total","IMPORT","Sea","VALUE_IN_EUROS","17 054"
"May. 2020","Hungary","Russian Federation (Russia)","Total","IMPORT","Sea","VALUE_IN_EUROS",":"
"Jun. 2020","Hungary","Russian Federation (Russia)","Total","IMPORT","Sea","VALUE_IN_EUROS","3 623 669"
"Jul. 2020","Hungary","Russian Federation (Russia)","Total","IMPORT","Sea","VALUE_IN_EUROS","1 820 316"
"Aug. 2020","Hungary","Russian Federation (Russia)","Total","IMPORT","Sea","VALUE_IN_EUROS","55 977"
"Sep. 2020","Hungary","Russian Federation (Russia)","Total","IMPORT","Sea","VALUE_IN_EUROS","21 723"
"Oct. 2020","Hungary","Russian Federation (Russia)","Total","IMPORT","Sea","VALUE_IN_EUROS","29 585"
"Nov. 2020","Hungary","Russian Federation (Russia)","Total","IMPORT","Sea","VALUE_IN_EUROS","10 144"
"Dec. 2020","Hungary","Russian Federation (Russia)","Total","IMPORT","Sea","VALUE_IN_EUROS","111 330"
"Jan.-Dec. 2020","Hungary","Russian Federation (Russia)","Total","IMPORT","Sea","VALUE_IN_EUROS","6 163 746"
"Jan. 2021","Hungary","Russian Federation (Russia)","Total","IMPORT","Sea","VALUE_IN_EUROS",":"
"Feb. 2021","Hungary","Russian Federation (Russia)","Total","IMPORT","Sea","VALUE_IN_EUROS","46 664"
"Mar. 2021","Hungary","Russian Federation (Russia)","Total","IMPORT","Sea","VALUE_IN_EUROS",":"
"Apr. 2021","Hungary","Russian Federation (Russia)","Total","IMPORT","Sea","VALUE_IN_EUROS",":"
"May. 2021","Hungary","Russian Federation (Russia)","Total","IMPORT","Sea","VALUE_IN_EUROS","222 592"
"Jun. 2021","Hungary","Russian Federation (Russia)","Total","IMPORT","Sea","VALUE_IN_EUROS","51 199"
"Jul. 2021","Hungary","Russian Federation (Russia)","Total","IMPORT","Sea","VALUE_IN_EUROS",":"
"Jan. 2020","Malta","Russian Federation (Russia)","Total","IMPORT","Sea","VALUE_IN_EUROS","767 513"
"Feb. 2020","Malta","Russian Federation (Russia)","Total","IMPORT","Sea","VALUE_IN_EUROS",":"
"Mar. 2020","Malta","Russian Federation (Russia)","Total","IMPORT","Sea","VALUE_IN_EUROS","824 872"
"Apr. 2020","Malta","Russian Federation (Russia)","Total","IMPORT","Sea","VALUE_IN_EUROS","56 142"
"May. 2020","Malta","Russian Federation (Russia)","Total","IMPORT","Sea","VALUE_IN_EUROS","874 748"
"Jun. 2020","Malta","Russian Federation (Russia)","Total","IMPORT","Sea","VALUE_IN_EUROS","372 941"
"Jul. 2020","Malta","Russian Federation (Russia)","Total","IMPORT","Sea","VALUE_IN_EUROS","3 170 740"
"Aug. 2020","Malta","Russian Federation (Russia)","Total","IMPORT","Sea","VALUE_IN_EUROS","2 464 258"
"Sep. 2020","Malta","Russian Federation (Russia)","Total","IMPORT","Sea","VALUE_IN_EUROS","119 533"
"Oct. 2020","Malta","Russian Federation (Russia)","Total","IMPORT","Sea","VALUE_IN_EUROS","14 786"
"Nov. 2020","Malta","Russian Federation (Russia)","Total","IMPORT","Sea","VALUE_IN_EUROS","52 849"
"Dec. 2020","Malta","Russian Federation (Russia)","Total","IMPORT","Sea","VALUE_IN_EUROS","63 336"
"Jan.-Dec. 2020","Malta","Russian Federation (Russia)","Total","IMPORT","Sea","VALUE_IN_EUROS","8 781 718"
"Jan. 2021","Malta","Russian Federation (Russia)","Total","IMPORT","Sea","VALUE_IN_EUROS","137 063"
"Feb. 2021","Malta","Russian Federation (Russia)","Total","IMPORT","Sea","VALUE_IN_EUROS","421 434"
"Mar. 2021","Malta","Russian Federation (Russia)","Total","IMPORT","Sea","VALUE_IN_EUROS","26 640"
"Apr. 2021","Malta","Russian Federation (Russia)","Total","IMPORT","Sea","VALUE_IN_EUROS","3 947 412"
"May. 2021","Malta","Russian Federation (Russia)","Total","IMPORT","Sea","VALUE_IN_EUROS","108 207"
"Jun. 2021","Malta","Russian Federation (Russia)","Total","IMPORT","Sea","VALUE_IN_EUROS","170 310"
"Jul. 2021","Malta","Russian Federation (Russia)","Total","IMPORT","Sea","VALUE_IN_EUROS","184 350"
"Jan. 2020","Netherlands","Russian Federation (Russia)","Total","IMPORT","Sea","VALUE_IN_EUROS","1 281 697 373"
"Feb. 2020","Netherlands","Russian Federation (Russia)","Total","IMPORT","Sea","VALUE_IN_EUROS","1 291 696 249"
"Mar. 2020","Netherlands","Russian Federation (Russia)","Total","IMPORT","Sea","VALUE_IN_EUROS","1 221 244 883"
"Apr. 2020","Netherlands","Russian Federation (Russia)","Total","IMPORT","Sea","VALUE_IN_EUROS","588 805 774"
"May. 2020","Netherlands","Russian Federation (Russia)","Total","IMPORT","Sea","VALUE_IN_EUROS","683 805 710"
"Jun. 2020","Netherlands","Russian Federation (Russia)","Total","IMPORT","Sea","VALUE_IN_EUROS","843 055 469"
"Jul. 2020","Netherlands","Russian Federation (Russia)","Total","IMPORT","Sea","VALUE_IN_EUROS","817 852 762"
"Aug. 2020","Netherlands","Russian Federation (Russia)","Total","IMPORT","Sea","VALUE_IN_EUROS","948 221 222"
"Sep. 2020","Netherlands","Russian Federation (Russia)","Total","IMPORT","Sea","VALUE_IN_EUROS","792 511 550"
"Oct. 2020","Netherlands","Russian Federation (Russia)","Total","IMPORT","Sea","VALUE_IN_EUROS","867 650 739"
"Nov. 2020","Netherlands","Russian Federation (Russia)","Total","IMPORT","Sea","VALUE_IN_EUROS","1 092 747 149"
"Dec. 2020","Netherlands","Russian Federation (Russia)","Total","IMPORT","Sea","VALUE_IN_EUROS","1 341 979 017"
"Jan.-Dec. 2020","Netherlands","Russian Federation (Russia)","Total","IMPORT","Sea","VALUE_IN_EUROS","11 771 267 897"
"Jan. 2021","Netherlands","Russian Federation (Russia)","Total","IMPORT","Sea","VALUE_IN_EUROS","1 233 973 252"
"Feb. 2021","Netherlands","Russian Federation (Russia)","Total","IMPORT","Sea","VALUE_IN_EUROS","1 280 023 505"
"Mar. 2021","Netherlands","Russian Federation (Russia)","Total","IMPORT","Sea","VALUE_IN_EUROS","1 589 248 505"
"Apr. 2021","Netherlands","Russian Federation (Russia)","Total","IMPORT","Sea","VALUE_IN_EUROS","1 709 603 632"
"May. 2021","Netherlands","Russian Federation (Russia)","Total","IMPORT","Sea","VALUE_IN_EUROS","1 928 046 609"
"Jun. 2021","Netherlands","Russian Federation (Russia)","Total","IMPORT","Sea","VALUE_IN_EUROS","1 796 196 540"
"Jul. 2021","Netherlands","Russian Federation (Russia)","Total","IMPORT","Sea","VALUE_IN_EUROS","1 734 570 867"
"Jan. 2020","Austria","Russian Federation (Russia)","Total","IMPORT","Sea","VALUE_IN_EUROS","10 868 158"
"Feb. 2020","Austria","Russian Federation (Russia)","Total","IMPORT","Sea","VALUE_IN_EUROS","5 100 747"
"Mar. 2020","Austria","Russian Federation (Russia)","Total","IMPORT","Sea","VALUE_IN_EUROS","7 142 017"
"Apr. 2020","Austria","Russian Federation (Russia)","Total","IMPORT","Sea","VALUE_IN_EUROS","12 838 961"
"May. 2020","Austria","Russian Federation (Russia)","Total","IMPORT","Sea","VALUE_IN_EUROS","11 879 244"
"Jun. 2020","Austria","Russian Federation (Russia)","Total","IMPORT","Sea","VALUE_IN_EUROS","11 503 630"
"Jul. 2020","Austria","Russian Federation (Russia)","Total","IMPORT","Sea","VALUE_IN_EUROS","7 705 142"
"Aug. 2020","Austria","Russian Federation (Russia)","Total","IMPORT","Sea","VALUE_IN_EUROS","9 415 245"
"Sep. 2020","Austria","Russian Federation (Russia)","Total","IMPORT","Sea","VALUE_IN_EUROS","5 900 134"
"Oct. 2020","Austria","Russian Federation (Russia)","Total","IMPORT","Sea","VALUE_IN_EUROS","7 400 736"
"Nov. 2020","Austria","Russian Federation (Russia)","Total","IMPORT","Sea","VALUE_IN_EUROS","7 335 850"
"Dec. 2020","Austria","Russian Federation (Russia)","Total","IMPORT","Sea","VALUE_IN_EUROS","7 078 000"
"Jan.-Dec. 2020","Austria","Russian Federation (Russia)","Total","IMPORT","Sea","VALUE_IN_EUROS","104 167 864"
"Jan. 2021","Austria","Russian Federation (Russia)","Total","IMPORT","Sea","VALUE_IN_EUROS","10 210 079"
"Feb. 2021","Austria","Russian Federation (Russia)","Total","IMPORT","Sea","VALUE_IN_EUROS","4 609 676"
"Mar. 2021","Austria","Russian Federation (Russia)","Total","IMPORT","Sea","VALUE_IN_EUROS","8 280 343"
"Apr. 2021","Austria","Russian Federation (Russia)","Total","IMPORT","Sea","VALUE_IN_EUROS","6 973 645"
"May. 2021","Austria","Russian Federation (Russia)","Total","IMPORT","Sea","VALUE_IN_EUROS","9 641 919"
"Jun. 2021","Austria","Russian Federation (Russia)","Total","IMPORT","Sea","VALUE_IN_EUROS","8 420 596"
"Jul. 2021","Austria","Russian Federation (Russia)","Total","IMPORT","Sea","VALUE_IN_EUROS","9 194 730"
"Jan. 2020","Poland","Russian Federation (Russia)","Total","IMPORT","Sea","VALUE_IN_EUROS","457 921 487"
"Feb. 2020","Poland","Russian Federation (Russia)","Total","IMPORT","Sea","VALUE_IN_EUROS","315 293 309"
"Mar. 2020","Poland","Russian Federation (Russia)","Total","IMPORT","Sea","VALUE_IN_EUROS","273 714 023"
"Apr. 2020","Poland","Russian Federation (Russia)","Total","IMPORT","Sea","VALUE_IN_EUROS","245 541 766"
"May. 2020","Poland","Russian Federation (Russia)","Total","IMPORT","Sea","VALUE_IN_EUROS","198 070 956"
"Jun. 2020","Poland","Russian Federation (Russia)","Total","IMPORT","Sea","VALUE_IN_EUROS","296 695 506"
"Jul. 2020","Poland","Russian Federation (Russia)","Total","IMPORT","Sea","VALUE_IN_EUROS","260 373 410"
"Aug. 2020","Poland","Russian Federation (Russia)","Total","IMPORT","Sea","VALUE_IN_EUROS","210 407 298"
"Sep. 2020","Poland","Russian Federation (Russia)","Total","IMPORT","Sea","VALUE_IN_EUROS","234 253 732"
"Oct. 2020","Poland","Russian Federation (Russia)","Total","IMPORT","Sea","VALUE_IN_EUROS","304 254 760"
"Nov. 2020","Poland","Russian Federation (Russia)","Total","IMPORT","Sea","VALUE_IN_EUROS","276 208 296"
"Dec. 2020","Poland","Russian Federation (Russia)","Total","IMPORT","Sea","VALUE_IN_EUROS","286 135 962"
"Jan.-Dec. 2020","Poland","Russian Federation (Russia)","Total","IMPORT","Sea","VALUE_IN_EUROS","3 358 870 505"
"Jan. 2021","Poland","Russian Federation (Russia)","Total","IMPORT","Sea","VALUE_IN_EUROS","372 058 061"
"Feb. 2021","Poland","Russian Federation (Russia)","Total","IMPORT","Sea","VALUE_IN_EUROS","457 183 556"
"Mar. 2021","Poland","Russian Federation (Russia)","Total","IMPORT","Sea","VALUE_IN_EUROS","586 530 572"
"Apr. 2021","Poland","Russian Federation (Russia)","Total","IMPORT","Sea","VALUE_IN_EUROS","429 047 731"
"May. 2021","Poland","Russian Federation (Russia)","Total","IMPORT","Sea","VALUE_IN_EUROS","512 936 401"
"Jun. 2021","Poland","Russian Federation (Russia)","Total","IMPORT","Sea","VALUE_IN_EUROS","711 685 111"
"Jul. 2021","Poland","Russian Federation (Russia)","Total","IMPORT","Sea","VALUE_IN_EUROS","708 857 857"
"Jan. 2020","Portugal","Russian Federation (Russia)","Total","IMPORT","Sea","VALUE_IN_EUROS","52 200 343"
"Feb. 2020","Portugal","Russian Federation (Russia)","Total","IMPORT","Sea","VALUE_IN_EUROS","29 255 417"
"Mar. 2020","Portugal","Russian Federation (Russia)","Total","IMPORT","Sea","VALUE_IN_EUROS","17 149 506"
"Apr. 2020","Portugal","Russian Federation (Russia)","Total","IMPORT","Sea","VALUE_IN_EUROS","55 967 213"
"May. 2020","Portugal","Russian Federation (Russia)","Total","IMPORT","Sea","VALUE_IN_EUROS","31 885 428"
"Jun. 2020","Portugal","Russian Federation (Russia)","Total","IMPORT","Sea","VALUE_IN_EUROS","55 462 925"
"Jul. 2020","Portugal","Russian Federation (Russia)","Total","IMPORT","Sea","VALUE_IN_EUROS","71 588 743"
"Aug. 2020","Portugal","Russian Federation (Russia)","Total","IMPORT","Sea","VALUE_IN_EUROS","52 270 249"
"Sep. 2020","Portugal","Russian Federation (Russia)","Total","IMPORT","Sea","VALUE_IN_EUROS","19 149 437"
"Oct. 2020","Portugal","Russian Federation (Russia)","Total","IMPORT","Sea","VALUE_IN_EUROS","30 034 944"
"Nov. 2020","Portugal","Russian Federation (Russia)","Total","IMPORT","Sea","VALUE_IN_EUROS","41 097 862"
"Dec. 2020","Portugal","Russian Federation (Russia)","Total","IMPORT","Sea","VALUE_IN_EUROS","44 156 762"
"Jan.-Dec. 2020","Portugal","Russian Federation (Russia)","Total","IMPORT","Sea","VALUE_IN_EUROS","500 218 829"
"Jan. 2021","Portugal","Russian Federation (Russia)","Total","IMPORT","Sea","VALUE_IN_EUROS","89 387 618"
"Feb. 2021","Portugal","Russian Federation (Russia)","Total","IMPORT","Sea","VALUE_IN_EUROS","81 154 316"
"Mar. 2021","Portugal","Russian Federation (Russia)","Total","IMPORT","Sea","VALUE_IN_EUROS","75 711 180"
"Apr. 2021","Portugal","Russian Federation (Russia)","Total","IMPORT","Sea","VALUE_IN_EUROS","64 237 857"
"May. 2021","Portugal","Russian Federation (Russia)","Total","IMPORT","Sea","VALUE_IN_EUROS","64 249 573"
"Jun. 2021","Portugal","Russian Federation (Russia)","Total","IMPORT","Sea","VALUE_IN_EUROS","65 625 471"
"Jul. 2021","Portugal","Russian Federation (Russia)","Total","IMPORT","Sea","VALUE_IN_EUROS","45 779 877"
"Jan. 2020","Romania","Russian Federation (Russia)","Total","IMPORT","Sea","VALUE_IN_EUROS","173 753 122"
"Feb. 2020","Romania","Russian Federation (Russia)","Total","IMPORT","Sea","VALUE_IN_EUROS","161 715 197"
"Mar. 2020","Romania","Russian Federation (Russia)","Total","IMPORT","Sea","VALUE_IN_EUROS","152 840 147"
"Apr. 2020","Romania","Russian Federation (Russia)","Total","IMPORT","Sea","VALUE_IN_EUROS","50 705 826"
"May. 2020","Romania","Russian Federation (Russia)","Total","IMPORT","Sea","VALUE_IN_EUROS","59 778 007"
"Jun. 2020","Romania","Russian Federation (Russia)","Total","IMPORT","Sea","VALUE_IN_EUROS","125 828 941"
"Jul. 2020","Romania","Russian Federation (Russia)","Total","IMPORT","Sea","VALUE_IN_EUROS","94 006 032"
"Aug. 2020","Romania","Russian Federation (Russia)","Total","IMPORT","Sea","VALUE_IN_EUROS","98 812 059"
"Sep. 2020","Romania","Russian Federation (Russia)","Total","IMPORT","Sea","VALUE_IN_EUROS","67 143 210"
"Oct. 2020","Romania","Russian Federation (Russia)","Total","IMPORT","Sea","VALUE_IN_EUROS","124 982 490"
"Nov. 2020","Romania","Russian Federation (Russia)","Total","IMPORT","Sea","VALUE_IN_EUROS","68 061 411"
"Dec. 2020","Romania","Russian Federation (Russia)","Total","IMPORT","Sea","VALUE_IN_EUROS","137 070 062"
"Jan.-Dec. 2020","Romania","Russian Federation (Russia)","Total","IMPORT","Sea","VALUE_IN_EUROS","1 314 696 504"
"Jan. 2021","Romania","Russian Federation (Russia)","Total","IMPORT","Sea","VALUE_IN_EUROS","95 474 091"
"Feb. 2021","Romania","Russian Federation (Russia)","Total","IMPORT","Sea","VALUE_IN_EUROS","131 137 969"
"Mar. 2021","Romania","Russian Federation (Russia)","Total","IMPORT","Sea","VALUE_IN_EUROS","144 625 919"
"Apr. 2021","Romania","Russian Federation (Russia)","Total","IMPORT","Sea","VALUE_IN_EUROS","173 535 009"
"May. 2021","Romania","Russian Federation (Russia)","Total","IMPORT","Sea","VALUE_IN_EUROS","126 813 760"
"Jun. 2021","Romania","Russian Federation (Russia)","Total","IMPORT","Sea","VALUE_IN_EUROS","257 234 090"
"Jul. 2021","Romania","Russian Federation (Russia)","Total","IMPORT","Sea","VALUE_IN_EUROS","246 435 785"
"Jan. 2020","Slovenia","Russian Federation (Russia)","Total","IMPORT","Sea","VALUE_IN_EUROS","61 837 190"
"Feb. 2020","Slovenia","Russian Federation (Russia)","Total","IMPORT","Sea","VALUE_IN_EUROS","74 254 301"
"Mar. 2020","Slovenia","Russian Federation (Russia)","Total","IMPORT","Sea","VALUE_IN_EUROS","41 831 965"
"Apr. 2020","Slovenia","Russian Federation (Russia)","Total","IMPORT","Sea","VALUE_IN_EUROS","30 156 650"
"May. 2020","Slovenia","Russian Federation (Russia)","Total","IMPORT","Sea","VALUE_IN_EUROS","7 463 595"
"Jun. 2020","Slovenia","Russian Federation (Russia)","Total","IMPORT","Sea","VALUE_IN_EUROS","13 518 097"
"Jul. 2020","Slovenia","Russian Federation (Russia)","Total","IMPORT","Sea","VALUE_IN_EUROS","6 542 115"
"Aug. 2020","Slovenia","Russian Federation (Russia)","Total","IMPORT","Sea","VALUE_IN_EUROS","11 747 420"
"Sep. 2020","Slovenia","Russian Federation (Russia)","Total","IMPORT","Sea","VALUE_IN_EUROS","17 048 586"
"Oct. 2020","Slovenia","Russian Federation (Russia)","Total","IMPORT","Sea","VALUE_IN_EUROS","2 051 721"
"Nov. 2020","Slovenia","Russian Federation (Russia)","Total","IMPORT","Sea","VALUE_IN_EUROS","13 224 462"
"Dec. 2020","Slovenia","Russian Federation (Russia)","Total","IMPORT","Sea","VALUE_IN_EUROS","37 065 774"
"Jan.-Dec. 2020","Slovenia","Russian Federation (Russia)","Total","IMPORT","Sea","VALUE_IN_EUROS","316 741 876"
"Jan. 2021","Slovenia","Russian Federation (Russia)","Total","IMPORT","Sea","VALUE_IN_EUROS","24 236 819"
"Feb. 2021","Slovenia","Russian Federation (Russia)","Total","IMPORT","Sea","VALUE_IN_EUROS","16 820 183"
"Mar. 2021","Slovenia","Russian Federation (Russia)","Total","IMPORT","Sea","VALUE_IN_EUROS","50 448 417"
"Apr. 2021","Slovenia","Russian Federation (Russia)","Total","IMPORT","Sea","VALUE_IN_EUROS","20 028 064"
"May. 2021","Slovenia","Russian Federation (Russia)","Total","IMPORT","Sea","VALUE_IN_EUROS","17 017 640"
"Jun. 2021","Slovenia","Russian Federation (Russia)","Total","IMPORT","Sea","VALUE_IN_EUROS","31 202 801"
"Jul. 2021","Slovenia","Russian Federation (Russia)","Total","IMPORT","Sea","VALUE_IN_EUROS","4 809 947"
"Jan. 2020","Slovakia","Russian Federation (Russia)","Total","IMPORT","Sea","VALUE_IN_EUROS","12 155"
"Feb. 2020","Slovakia","Russian Federation (Russia)","Total","IMPORT","Sea","VALUE_IN_EUROS","5 000"
"Mar. 2020","Slovakia","Russian Federation (Russia)","Total","IMPORT","Sea","VALUE_IN_EUROS","3 158"
"Apr. 2020","Slovakia","Russian Federation (Russia)","Total","IMPORT","Sea","VALUE_IN_EUROS","13 147"
"May. 2020","Slovakia","Russian Federation (Russia)","Total","IMPORT","Sea","VALUE_IN_EUROS",":"
"Jun. 2020","Slovakia","Russian Federation (Russia)","Total","IMPORT","Sea","VALUE_IN_EUROS","3 917"
"Jul. 2020","Slovakia","Russian Federation (Russia)","Total","IMPORT","Sea","VALUE_IN_EUROS","62 259"
"Aug. 2020","Slovakia","Russian Federation (Russia)","Total","IMPORT","Sea","VALUE_IN_EUROS",":"
"Sep. 2020","Slovakia","Russian Federation (Russia)","Total","IMPORT","Sea","VALUE_IN_EUROS","78"
"Oct. 2020","Slovakia","Russian Federation (Russia)","Total","IMPORT","Sea","VALUE_IN_EUROS","412"
"Nov. 2020","Slovakia","Russian Federation (Russia)","Total","IMPORT","Sea","VALUE_IN_EUROS","59 400"
"Dec. 2020","Slovakia","Russian Federation (Russia)","Total","IMPORT","Sea","VALUE_IN_EUROS",":"
"Jan.-Dec. 2020","Slovakia","Russian Federation (Russia)","Total","IMPORT","Sea","VALUE_IN_EUROS","159 526"
"Jan. 2021","Slovakia","Russian Federation (Russia)","Total","IMPORT","Sea","VALUE_IN_EUROS",":"
"Feb. 2021","Slovakia","Russian Federation (Russia)","Total","IMPORT","Sea","VALUE_IN_EUROS","94 471"
"Mar. 2021","Slovakia","Russian Federation (Russia)","Total","IMPORT","Sea","VALUE_IN_EUROS","59 131"
"Apr. 2021","Slovakia","Russian Federation (Russia)","Total","IMPORT","Sea","VALUE_IN_EUROS","37 418"
"May. 2021","Slovakia","Russian Federation (Russia)","Total","IMPORT","Sea","VALUE_IN_EUROS","122 371"
"Jun. 2021","Slovakia","Russian Federation (Russia)","Total","IMPORT","Sea","VALUE_IN_EUROS","22 158"
"Jul. 2021","Slovakia","Russian Federation (Russia)","Total","IMPORT","Sea","VALUE_IN_EUROS","74 208"
"Jan. 2020","Finland","Russian Federation (Russia)","Total","IMPORT","Sea","VALUE_IN_EUROS","410 820 373"
"Feb. 2020","Finland","Russian Federation (Russia)","Total","IMPORT","Sea","VALUE_IN_EUROS","417 470 339"
"Mar. 2020","Finland","Russian Federation (Russia)","Total","IMPORT","Sea","VALUE_IN_EUROS","224 551 140"
"Apr. 2020","Finland","Russian Federation (Russia)","Total","IMPORT","Sea","VALUE_IN_EUROS","137 099 252"
"May. 2020","Finland","Russian Federation (Russia)","Total","IMPORT","Sea","VALUE_IN_EUROS","186 379 412"
"Jun. 2020","Finland","Russian Federation (Russia)","Total","IMPORT","Sea","VALUE_IN_EUROS","124 724 351"
"Jul. 2020","Finland","Russian Federation (Russia)","Total","IMPORT","Sea","VALUE_IN_EUROS","277 578 070"
"Aug. 2020","Finland","Russian Federation (Russia)","Total","IMPORT","Sea","VALUE_IN_EUROS","216 017 185"
"Sep. 2020","Finland","Russian Federation (Russia)","Total","IMPORT","Sea","VALUE_IN_EUROS","306 892 302"
"Oct. 2020","Finland","Russian Federation (Russia)","Total","IMPORT","Sea","VALUE_IN_EUROS","226 173 724"
"Nov. 2020","Finland","Russian Federation (Russia)","Total","IMPORT","Sea","VALUE_IN_EUROS","175 815 374"
"Dec. 2020","Finland","Russian Federation (Russia)","Total","IMPORT","Sea","VALUE_IN_EUROS","278 118 171"
"Jan.-Dec. 2020","Finland","Russian Federation (Russia)","Total","IMPORT","Sea","VALUE_IN_EUROS","2 981 639 693"
"Jan. 2021","Finland","Russian Federation (Russia)","Total","IMPORT","Sea","VALUE_IN_EUROS","314 027 220"
"Feb. 2021","Finland","Russian Federation (Russia)","Total","IMPORT","Sea","VALUE_IN_EUROS","322 009 418"
"Mar. 2021","Finland","Russian Federation (Russia)","Total","IMPORT","Sea","VALUE_IN_EUROS","345 548 447"
"Apr. 2021","Finland","Russian Federation (Russia)","Total","IMPORT","Sea","VALUE_IN_EUROS","190 862 462"
"May. 2021","Finland","Russian Federation (Russia)","Total","IMPORT","Sea","VALUE_IN_EUROS","127 833 060"
"Jun. 2021","Finland","Russian Federation (Russia)","Total","IMPORT","Sea","VALUE_IN_EUROS","274 251 773"
"Jul. 2021","Finland","Russian Federation (Russia)","Total","IMPORT","Sea","VALUE_IN_EUROS","221 081 486"
"Jan. 2020","Sweden","Russian Federation (Russia)","Total","IMPORT","Sea","VALUE_IN_EUROS","67 910 741"
"Feb. 2020","Sweden","Russian Federation (Russia)","Total","IMPORT","Sea","VALUE_IN_EUROS","118 512 735"
"Mar. 2020","Sweden","Russian Federation (Russia)","Total","IMPORT","Sea","VALUE_IN_EUROS","141 715 967"
"Apr. 2020","Sweden","Russian Federation (Russia)","Total","IMPORT","Sea","VALUE_IN_EUROS","179 409 228"
"May. 2020","Sweden","Russian Federation (Russia)","Total","IMPORT","Sea","VALUE_IN_EUROS","91 816 231"
"Jun. 2020","Sweden","Russian Federation (Russia)","Total","IMPORT","Sea","VALUE_IN_EUROS","51 175 142"
"Jul. 2020","Sweden","Russian Federation (Russia)","Total","IMPORT","Sea","VALUE_IN_EUROS","77 298 039"
"Aug. 2020","Sweden","Russian Federation (Russia)","Total","IMPORT","Sea","VALUE_IN_EUROS","44 508 855"
"Sep. 2020","Sweden","Russian Federation (Russia)","Total","IMPORT","Sea","VALUE_IN_EUROS","85 805 259"
"Oct. 2020","Sweden","Russian Federation (Russia)","Total","IMPORT","Sea","VALUE_IN_EUROS","129 239 826"
"Nov. 2020","Sweden","Russian Federation (Russia)","Total","IMPORT","Sea","VALUE_IN_EUROS","50 364 503"
"Dec. 2020","Sweden","Russian Federation (Russia)","Total","IMPORT","Sea","VALUE_IN_EUROS","37 305 106"
"Jan.-Dec. 2020","Sweden","Russian Federation (Russia)","Total","IMPORT","Sea","VALUE_IN_EUROS","1 075 061 632"
"Jan. 2021","Sweden","Russian Federation (Russia)","Total","IMPORT","Sea","VALUE_IN_EUROS","83 137 059"
"Feb. 2021","Sweden","Russian Federation (Russia)","Total","IMPORT","Sea","VALUE_IN_EUROS","87 446 350"
"Mar. 2021","Sweden","Russian Federation (Russia)","Total","IMPORT","Sea","VALUE_IN_EUROS","83 987 921"
"Apr. 2021","Sweden","Russian Federation (Russia)","Total","IMPORT","Sea","VALUE_IN_EUROS","125 115 549"
"May. 2021","Sweden","Russian Federation (Russia)","Total","IMPORT","Sea","VALUE_IN_EUROS","162 709 737"
"Jun. 2021","Sweden","Russian Federation (Russia)","Total","IMPORT","Sea","VALUE_IN_EUROS","120 538 143"
"Jul. 2021","Sweden","Russian Federation (Russia)","Total","IMPORT","Sea","VALUE_IN_EUROS","218 503 307"
"Jan. 2020","United Kingdom","Russian Federation (Russia)","Total","IMPORT","Sea","VALUE_IN_EUROS","763 597 026"
"Feb. 2020","United Kingdom","Russian Federation (Russia)","Total","IMPORT","Sea","VALUE_IN_EUROS",":"
"Mar. 2020","United Kingdom","Russian Federation (Russia)","Total","IMPORT","Sea","VALUE_IN_EUROS",":"
"Apr. 2020","United Kingdom","Russian Federation (Russia)","Total","IMPORT","Sea","VALUE_IN_EUROS",":"
"May. 2020","United Kingdom","Russian Federation (Russia)","Total","IMPORT","Sea","VALUE_IN_EUROS",":"
"Jun. 2020","United Kingdom","Russian Federation (Russia)","Total","IMPORT","Sea","VALUE_IN_EUROS",":"
"Jul. 2020","United Kingdom","Russian Federation (Russia)","Total","IMPORT","Sea","VALUE_IN_EUROS",":"
"Aug. 2020","United Kingdom","Russian Federation (Russia)","Total","IMPORT","Sea","VALUE_IN_EUROS",":"
"Sep. 2020","United Kingdom","Russian Federation (Russia)","Total","IMPORT","Sea","VALUE_IN_EUROS",":"
"Oct. 2020","United Kingdom","Russian Federation (Russia)","Total","IMPORT","Sea","VALUE_IN_EUROS",":"
"Nov. 2020","United Kingdom","Russian Federation (Russia)","Total","IMPORT","Sea","VALUE_IN_EUROS",":"
"Dec. 2020","United Kingdom","Russian Federation (Russia)","Total","IMPORT","Sea","VALUE_IN_EUROS",":"
"Jan.-Dec. 2020","United Kingdom","Russian Federation (Russia)","Total","IMPORT","Sea","VALUE_IN_EUROS","763 597 026"
"Jan. 2021","United Kingdom","Russian Federation (Russia)","Total","IMPORT","Sea","VALUE_IN_EUROS",":"
"Feb. 2021","United Kingdom","Russian Federation (Russia)","Total","IMPORT","Sea","VALUE_IN_EUROS",":"
"Mar. 2021","United Kingdom","Russian Federation (Russia)","Total","IMPORT","Sea","VALUE_IN_EUROS",":"
"Apr. 2021","United Kingdom","Russian Federation (Russia)","Total","IMPORT","Sea","VALUE_IN_EUROS",":"
"May. 2021","United Kingdom","Russian Federation (Russia)","Total","IMPORT","Sea","VALUE_IN_EUROS",":"
"Jun. 2021","United Kingdom","Russian Federation (Russia)","Total","IMPORT","Sea","VALUE_IN_EUROS",":"
"Jul. 2021","United Kingdom","Russian Federation (Russia)","Total","IMPORT","Sea","VALUE_IN_EUROS",":"
"Jan. 2020","Greece","Russian Federation (Russia)","Total","IMPORT","Sea","VALUE_IN_EUROS","389 187 527"
"Feb. 2020","Greece","Russian Federation (Russia)","Total","IMPORT","Sea","VALUE_IN_EUROS","296 956 447"
"Mar. 2020","Greece","Russian Federation (Russia)","Total","IMPORT","Sea","VALUE_IN_EUROS","190 249 827"
"Apr. 2020","Greece","Russian Federation (Russia)","Total","IMPORT","Sea","VALUE_IN_EUROS","117 021 539"
"May. 2020","Greece","Russian Federation (Russia)","Total","IMPORT","Sea","VALUE_IN_EUROS","152 358 745"
"Jun. 2020","Greece","Russian Federation (Russia)","Total","IMPORT","Sea","VALUE_IN_EUROS","147 128 404"
"Jul. 2020","Greece","Russian Federation (Russia)","Total","IMPORT","Sea","VALUE_IN_EUROS","268 580 891"
"Aug. 2020","Greece","Russian Federation (Russia)","Total","IMPORT","Sea","VALUE_IN_EUROS","207 877 625"
"Sep. 2020","Greece","Russian Federation (Russia)","Total","IMPORT","Sea","VALUE_IN_EUROS","94 701 320"
"Oct. 2020","Greece","Russian Federation (Russia)","Total","IMPORT","Sea","VALUE_IN_EUROS","151 845 442"
"Nov. 2020","Greece","Russian Federation (Russia)","Total","IMPORT","Sea","VALUE_IN_EUROS","208 599 820"
"Dec. 2020","Greece","Russian Federation (Russia)","Total","IMPORT","Sea","VALUE_IN_EUROS","302 472 971"
"Jan.-Dec. 2020","Greece","Russian Federation (Russia)","Total","IMPORT","Sea","VALUE_IN_EUROS","2 526 980 558"
"Jan. 2021","Greece","Russian Federation (Russia)","Total","IMPORT","Sea","VALUE_IN_EUROS","178 155 095"
"Feb. 2021","Greece","Russian Federation (Russia)","Total","IMPORT","Sea","VALUE_IN_EUROS","134 498 966"
"Mar. 2021","Greece","Russian Federation (Russia)","Total","IMPORT","Sea","VALUE_IN_EUROS","252 779 405"
"Apr. 2021","Greece","Russian Federation (Russia)","Total","IMPORT","Sea","VALUE_IN_EUROS","180 267 406"
"May. 2021","Greece","Russian Federation (Russia)","Total","IMPORT","Sea","VALUE_IN_EUROS","266 286 087"
"Jun. 2021","Greece","Russian Federation (Russia)","Total","IMPORT","Sea","VALUE_IN_EUROS","278 675 855"
"Jul. 2021","Greece","Russian Federation (Russia)","Total","IMPORT","Sea","VALUE_IN_EUROS","239 337 727"
